user_id,sessions_count
user_000342,80
user_000572,72
user_000639,71
user_000734,70
user_000807,69
user_000949,68
user_000404,68
user_000996,68
user_000073,67
user_000933,67
user_000593,67
user_000323,67
user_000110,66
user_000934,66
user_000522,66
user_000334,66
user_000500,66
user_000176,66
user_000780,66
user_000417,65
user_000069,65
user_000462,65
user_000184,65
user_000376,65
user_000795,64
user_000709,64
user_000845,64
user_000132,64
user_000798,64
user_000571,64
user_000269,63
user_000582,63
user_000265,63
user_000667,63
user_000257,63
user_000806,63
user_000581,63
user_000393,63
user_000857,63
user_000098,62
user_000863,62
user_000313,62
user_000921,62
user_000157,62
user_000322,62
user_000503,62
user_000408,62
user_000890,62
user_000108,62
user_000743,62
user_000193,62
user_000268,62
user_000463,62
user_000769,61
user_000128,61
user_000253,61
user_000591,61
user_000384,61
user_000489,61
user_000285,61
user_000684,61
user_000738,61
user_000229,61
user_000926,61
user_000755,61
user_000836,61
user_000277,60
user_000271,60
user_000662,60
user_000296,60
user_000266,60
user_000060,60
user_000234,60
user_000007,60
user_000605,60
user_000884,60
user_000663,60
user_000856,60
user_000290,60
user_000338,60
user_000599,60
user_000416,60
user_000992,60
user_000597,60
user_000790,60
user_000756,60
user_000263,60
user_000127,60
user_000392,60
user_000017,60
user_000654,60
user_000814,60
user_000774,60
user_000319,59
user_000668,59
user_000374,59
user_000202,59
user_000262,59
user_000505,59
user_000602,59
user_000652,59
user_000649,59
user_000615,59
user_000614,59
user_000085,59
user_000584,59
user_000950,59
user_000617,59
user_000937,59
user_000731,59
user_000186,59
user_000148,59
user_000049,58
user_000889,58
user_000490,58
user_000355,58
user_000590,58
user_000521,58
user_000420,58
user_000428,58
user_000099,58
user_000208,58
user_000523,58
user_000104,58
user_000303,58
user_000057,58
user_000513,58
user_000596,58
user_000019,58
user_000381,58
user_000115,58
user_000084,58
user_000515,58
user_000496,58
user_000874,58
user_000022,58
user_000655,58
user_000066,57
user_000424,57
user_000445,57
user_000360,57
user_000957,57
user_000292,57
user_000346,57
user_000881,57
user_000842,57
user_000946,57
user_000412,57
user_000139,57
user_000135,57
user_000359,57
user_000024,57
user_000771,57
user_000671,57
user_000719,57
user_000275,57
user_000256,57
user_000562,57
user_000840,57
user_000770,57
user_000968,57
user_000032,57
user_000480,57
user_000625,57
user_000967,57
user_000236,57
user_000227,57
user_000431,57
user_000624,57
user_000036,57
user_000072,57
user_000299,57
user_000898,57
user_000201,57
user_000587,57
user_000837,57
user_000225,57
user_000975,57
user_000827,57
user_000120,56
user_000056,56
user_000332,56
user_000568,56
user_000003,56
user_000510,56
user_000044,56
user_000661,56
user_000097,56
user_000059,56
user_000908,56
user_000421,56
user_000741,56
user_000047,56
user_000481,56
user_000435,56
user_000932,56
user_000665,56
user_000929,56
user_000841,56
user_000394,56
user_000199,56
user_000817,56
user_000635,56
user_000385,56
user_000457,56
user_000450,56
user_000752,56
user_000535,56
user_000358,56
user_000340,56
user_000278,56
user_000221,56
user_000167,56
user_000561,56
user_000885,56
user_000917,56
user_000613,56
user_000224,56
user_000589,56
user_000235,56
user_000634,56
user_000664,56
user_000306,55
user_000345,55
user_000636,55
user_000499,55
user_000674,55
user_000023,55
user_000848,55
user_000365,55
user_000823,55
user_000095,55
user_000870,55
user_000302,55
user_000197,55
user_000470,55
user_000401,55
user_000978,55
user_000092,55
user_000439,55
user_000945,55
user_000160,55
user_000697,55
user_000782,55
user_000400,55
user_000682,55
user_000001,55
user_000804,55
user_000388,55
user_000172,55
user_000725,55
user_000695,55
user_000324,55
user_000063,55
user_000779,55
user_000483,55
user_000078,55
user_000611,55
user_000760,55
user_000418,55
user_000478,55
user_000876,55
user_000878,55
user_000068,55
user_000912,55
user_000451,55
user_000985,55
user_000689,55
user_000896,55
user_000722,55
user_000880,55
user_000045,55
user_000183,55
user_000402,55
user_000906,55
user_000143,55
user_000794,54
user_000062,54
user_000559,54
user_000585,54
user_000356,54
user_000818,54
user_000555,54
user_000331,54
user_000888,54
user_000713,54
user_000018,54
user_000109,54
user_000547,54
user_000294,54
user_000006,54
user_000565,54
user_000987,54
user_000882,54
user_000963,54
user_000264,54
user_000761,54
user_000638,54
user_000337,54
user_000552,54
user_000071,54
user_000140,54
user_000942,54
user_000965,54
user_000130,54
user_000855,54
user_000363,54
user_000286,54
user_000726,54
user_000192,54
user_000538,54
user_000618,54
user_000226,54
user_000295,54
user_000372,53
user_000577,53
user_000706,53
user_000868,53
user_000455,53
user_000935,53
user_000116,53
user_000040,53
user_000103,53
user_000914,53
user_000758,53
user_000504,53
user_000910,53
user_000240,53
user_000813,53
user_000517,53
user_000601,53
user_000230,53
user_000179,53
user_000162,53
user_000472,53
user_000502,53
user_000320,53
user_000349,53
user_000028,53
user_000971,53
user_000816,53
user_000191,53
user_000121,53
user_000905,53
user_000233,53
user_000812,53
user_000105,53
user_000805,53
user_000981,53
user_000556,53
user_000321,53
user_000564,53
user_000588,53
user_000793,53
user_000913,53
user_000305,53
user_000520,53
user_000829,53
user_000648,53
user_000469,53
user_000673,53
user_000029,53
user_000628,53
user_000415,53
user_000477,53
user_000444,53
user_000512,53
user_000383,53
user_000646,53
user_000508,53
user_000690,53
user_000554,53
user_000187,53
user_000000,53
user_000096,52
user_000854,52
user_000390,52
user_000537,52
user_000369,52
user_000670,52
user_000261,52
user_000124,52
user_000989,52
user_000077,52
user_000687,52
user_000574,52
user_000125,52
user_000142,52
user_000754,52
user_000820,52
user_000948,52
user_000686,52
user_000862,52
user_000897,52
user_000781,52
user_000749,52
user_000070,52
user_000620,52
user_000642,52
user_000832,52
user_000936,52
user_000015,52
user_000343,52
user_000988,52
user_000009,52
user_000551,52
user_000627,52
user_000270,52
user_000461,52
user_000501,52
user_000899,52
user_000580,52
user_000309,52
user_000737,52
user_000757,52
user_000409,52
user_000091,52
user_000137,52
user_000437,52
user_000341,52
user_000318,52
user_000339,51
user_000171,51
user_000458,51
user_000100,51
user_000217,51
user_000740,51
user_000685,51
user_000961,51
user_000301,51
user_000310,51
user_000329,51
user_000958,51
user_000647,51
user_000107,51
user_000076,51
user_000025,51
user_000763,51
user_000825,51
user_000702,51
user_000333,51
user_000641,51
user_000579,51
user_000155,51
user_000711,51
user_000954,51
user_000214,51
user_000326,51
user_000915,51
user_000828,51
user_000524,51
user_000867,51
user_000352,51
user_000164,51
user_000919,51
user_000831,51
user_000067,51
user_000213,51
user_000940,51
user_000999,51
user_000544,51
user_000784,51
user_000447,51
user_000260,51
user_000972,51
user_000800,51
user_000853,51
user_000207,51
user_000720,51
user_000362,51
user_000666,51
user_000540,51
user_000925,51
user_000962,51
user_000021,51
user_000980,51
user_000246,51
user_000809,51
user_000161,51
user_000467,51
user_000215,51
user_000080,51
user_000075,51
user_000721,51
user_000619,51
user_000035,51
user_000129,51
user_000984,50
user_000966,50
user_000541,50
user_000276,50
user_000432,50
user_000041,50
user_000065,50
user_000560,50
user_000442,50
user_000566,50
user_000284,50
user_000909,50
user_000185,50
user_000943,50
user_000438,50
user_000252,50
user_000835,50
user_000573,50
user_000507,50
user_000209,50
user_000791,50
user_000239,50
user_000308,50
user_000745,50
user_000543,50
user_000093,50
user_000357,50
user_000742,50
user_000808,50
user_000903,50
user_000498,50
user_000819,50
user_000600,50
user_000010,50
user_000678,50
user_000546,50
user_000529,50
user_000190,50
user_000849,50
user_000327,50
user_000298,50
user_000644,50
user_000008,50
user_000459,50
user_000395,50
user_000211,50
user_000941,50
user_000367,50
user_000886,50
user_000536,50
user_000622,50
user_000797,50
user_000243,50
user_000716,50
user_000583,50
user_000113,49
user_000205,49
user_000923,49
user_000195,49
user_000411,49
user_000181,49
user_000016,49
user_000364,49
user_000688,49
user_000656,49
user_000153,49
user_000317,49
user_000311,49
user_000336,49
user_000414,49
user_000136,49
user_000901,49
user_000610,49
user_000134,49
user_000785,49
user_000955,49
user_000979,49
user_000382,49
user_000879,49
user_000397,49
user_000005,49
user_000152,49
user_000274,49
user_000616,49
user_000168,49
user_000300,49
user_000398,49
user_000497,49
user_000466,49
user_000014,49
user_000833,49
user_000728,49
user_000282,49
user_000434,49
user_000860,49
user_000054,49
user_000361,49
user_000893,49
user_000533,49
user_000448,49
user_000293,49
user_000970,49
user_000557,49
user_000764,49
user_000210,49
user_000838,49
user_000348,49
user_000759,48
user_000048,48
user_000660,48
user_000212,48
user_000419,48
user_000175,48
user_000735,48
user_000055,48
user_000231,48
user_000623,48
user_000679,48
user_000677,48
user_000033,48
user_000844,48
user_000830,48
user_000765,48
user_000718,48
user_000542,48
user_000700,48
user_000703,48
user_000516,48
user_000811,48
user_000375,48
user_000637,48
user_000930,48
user_000869,48
user_000887,48
user_000206,48
user_000777,48
user_000604,48
user_000133,48
user_000464,48
user_000244,48
user_000351,48
user_000281,48
user_000776,48
user_000918,48
user_000330,48
user_000822,48
user_000704,48
user_000247,48
user_000027,48
user_000729,48
user_000748,48
user_000101,48
user_000079,48
user_000373,48
user_000237,48
user_000509,48
user_000973,48
user_000465,47
user_000991,47
user_000391,47
user_000990,47
user_000312,47
user_000645,47
user_000174,47
user_000106,47
user_000960,47
user_000425,47
user_000086,47
user_000750,47
user_000304,47
user_000772,47
user_000530,47
user_000550,47
user_000232,47
user_000335,47
user_000751,47
user_000147,47
user_000969,47
user_000051,47
user_000485,47
user_000920,47
user_000165,47
user_000158,47
user_000787,47
user_000859,47
user_000149,47
user_000427,47
user_000370,47
user_000325,47
user_000810,47
user_000170,47
user_000389,47
user_000090,47
user_000900,47
user_000042,47
user_000714,47
user_000118,47
user_000998,47
user_000218,47
user_000452,47
user_000131,47
user_000289,46
user_000821,46
user_000182,46
user_000534,46
user_000034,46
user_000694,46
user_000344,46
user_000595,46
user_000640,46
user_000744,46
user_000446,46
user_000460,46
user_000495,46
user_000974,46
user_000156,46
user_000531,46
user_000353,46
user_000291,46
user_000545,46
user_000031,46
user_000449,46
user_000712,46
user_000959,46
user_000847,46
user_000875,46
user_000200,46
user_000141,46
user_000843,46
user_000861,46
user_000789,46
user_000873,46
user_000724,46
user_000216,46
user_000405,46
user_000511,46
user_000259,46
user_000518,46
user_000354,46
user_000288,46
user_000386,46
user_000178,46
user_000043,45
user_000630,45
user_000826,45
user_000255,45
user_000553,45
user_000944,45
user_000922,45
user_000653,45
user_000422,45
user_000669,45
user_000548,45
user_000621,45
user_000122,45
user_000594,45
user_000947,45
user_000012,45
user_000494,45
user_000094,45
user_000429,45
user_000907,45
user_000368,45
user_000928,45
user_000410,45
user_000858,45
user_000219,45
user_000815,45
user_000493,45
user_000484,45
user_000877,45
user_000050,45
user_000883,45
user_000803,45
user_000976,45
user_000426,45
user_000783,44
user_000864,44
user_000089,44
user_000399,44
user_000377,44
user_000532,44
user_000526,44
user_000280,44
user_000406,44
user_000506,44
user_000736,44
user_000629,44
user_000651,44
user_000799,44
user_000773,44
user_000927,44
user_000474,44
user_000254,44
user_000675,44
user_000126,44
user_000851,44
user_000267,44
user_000576,44
user_000058,44
user_000151,44
user_000196,44
user_000633,44
user_000558,44
user_000188,44
user_000701,44
user_000732,44
user_000173,44
user_000952,44
user_000314,44
user_000608,44
user_000730,44
user_000082,44
user_000956,44
user_000004,44
user_000603,44
user_000993,44
user_000916,44
user_000002,44
user_000316,44
user_000767,44
user_000801,43
user_000902,43
user_000102,43
user_000964,43
user_000453,43
user_000598,43
user_000166,43
user_000997,43
user_000456,43
user_000951,43
user_000440,43
user_000846,43
user_000061,43
user_000778,43
user_000658,43
user_000939,43
user_000717,43
user_000074,43
user_000609,43
user_000487,43
user_000146,43
user_000287,43
user_000865,43
user_000986,43
user_000315,43
user_000892,43
user_000569,43
user_000189,43
user_000222,43
user_000473,42
user_000379,42
user_000786,42
user_000154,42
user_000081,42
user_000433,42
user_000705,42
user_000030,42
user_000443,42
user_000475,42
user_000223,42
user_000111,42
user_000715,42
user_000753,42
user_000894,42
user_000871,42
user_000491,42
user_000775,42
user_000850,42
user_000528,42
user_000872,42
user_000983,42
user_000693,42
user_000488,42
user_000492,42
user_000347,42
user_000995,42
user_000486,42
user_000796,42
user_000788,42
user_000681,42
user_000578,42
user_000519,42
user_000632,42
user_000430,42
user_000768,42
user_000403,42
user_000895,42
user_000251,42
user_000117,42
user_000407,42
user_000112,41
user_000723,41
user_000563,41
user_000710,41
user_000680,41
user_000977,41
user_000144,41
user_000039,41
user_000413,41
user_000676,41
user_000038,41
user_000746,41
user_000766,41
user_000454,41
user_000053,41
user_000026,41
user_000570,41
user_000020,41
user_000248,41
user_000727,41
user_000834,41
user_000708,40
user_000650,40
user_000549,40
user_000479,40
user_000387,40
user_000631,40
user_000586,40
user_000539,40
user_000911,40
user_000994,40
user_000350,40
user_000245,40
user_000525,40
user_000612,40
user_000180,40
user_000052,40
user_000527,40
user_000683,40
user_000046,40
user_000471,40
user_000249,40
user_000441,40
user_000150,40
user_000692,39
user_000220,39
user_000238,39
user_000699,39
user_000203,39
user_000064,39
user_000228,39
user_000852,39
user_000138,39
user_000575,39
user_000643,39
user_000013,39
user_000953,39
user_000037,39
user_000592,39
user_000119,39
user_000396,39
user_000083,39
user_000297,39
user_000707,39
user_000839,39
user_000436,39
user_000177,38
user_000241,38
user_000371,38
user_000272,38
user_000696,38
user_000328,38
user_000762,38
user_000087,38
user_000733,38
user_000114,38
user_000163,38
user_000672,38
user_000482,38
user_000904,37
user_000088,37
user_000194,37
user_000378,37
user_000145,37
user_000691,37
user_000258,37
user_000982,36
user_000698,36
user_000607,36
user_000824,36
user_000567,36
user_000476,36
user_000468,36
user_000891,36
user_000273,36
user_000924,36
user_000283,36
user_000931,36
user_000198,36
user_000606,36
user_000866,35
user_000739,35
user_000011,35
user_000242,35
user_000626,35
user_000514,34
user_000657,34
user_000366,34
user_000307,34
user_000423,34
user_000123,34
user_000250,34
user_000380,34
user_000802,34
user_000204,33
user_000169,33
user_000659,33
user_000279,32
user_000747,32
user_000792,31
user_000938,31
user_000159,29
